<?xml version="1.0" encoding="UTF-8"?>
<itop_design xmlns:xsi="http://www.w3.org/2001/XMLSchema-instance" version="1.0">
  <constants>
  </constants>
  <classes>
  </classes>
  <menus>
  </menus>
  <user_rights>
	<!--
	
	Ici on retrouve la definition des nouveaux profils utilisateur
	Les profils de base et la définition des groupes se trouvent dans le fichier XML du module "Profiles ITIL"
	
	On commence par regrouper les différentes classes en groupe d'utilisation: "<groups>"
	Puis on définie le nom du profil et on lui donne les droits souhaités sur certains groupes: "<profiles>"
	
	-->
    <groups>
    </groups>
    <profiles>
	<profile id="51" _delta="define">
        <name>Read-Only No Portal Access</name>
        <description>Users with this profile are allowed to browse through all objects in the application but not to modify anything (event through the portal)</description>
        <groups>
          <group id="*">
            <actions>
              <action xsi:type="read">allow</action>
              <action xsi:type="bulk read">allow</action>
            </actions>
          </group>
		  <group id="Configuration" _delta="define">
            <actions>
              <action xsi:type="read">allow</action>
              <action xsi:type="bulk read">allow</action>
            </actions>
          </group>
		  <group id="General" _delta="define">
            <actions>
              <action xsi:type="read">allow</action>
              <action xsi:type="bulk read">allow</action>
            </actions>
          </group>
        </groups>
      </profile>
	  <profile id="52" _delta="define">
        <name>Configuration Read-Only</name>
        <description>Users with this profile are allowed to browse through Configuration objects in the application but not to modify anything (event through the portal)</description>
        <groups>
          
		  <group id="Configuration" _delta="define">
            <actions>
              <action xsi:type="read">allow</action>
              <action xsi:type="bulk read">allow</action>
            </actions>
          </group>
		  <group id="General" _delta="define">
            <actions>
              <action xsi:type="read">allow</action>
              <action xsi:type="bulk read">allow</action>
            </actions>
          </group>
		  <group id="IPObject">
            <actions>
              <action xsi:type="read">allow</action>
              <action xsi:type="bulk read">allow</action>
             </actions>
          </group>
          <group id="LnkToIPObject">
            <actions>
              <action xsi:type="read">allow</action>
              <action xsi:type="bulk read">allow</action>
             </actions>
          </group>
          <group id="Network" _delta="define">
            <actions>
             <action xsi:type="read">allow</action>
              <action xsi:type="bulk read">allow</action>
            </actions>
          </group>
        </groups>
      </profile>
    </profiles>
  </user_rights>
</itop_design>
